谈话时间,谈话地点,谈话人,谈话对象,谈话类型,谈话主要内容,存在问题,整改措施,备注
2024年1月15日,榆阳区气象局会议室,党组书记 局长 张伟,党组成员 副局长 李华,民主生活会谈心谈话,"了解思想动态，征求对班子建设的意见建议","对年轻干部培养机制需完善","建立导师制，加强传帮带",重点关注年轻干部成长
2024年2月3日,榆阳区气象局会议室,党组书记 局长 张伟,党组成员 副局长 王建国,民主生活会谈心谈话,"就气象服务地方经济发展方面征求意见","气象预报精准度有待提升","加强技术培训，引进先进技术设备",提升服务质量
2024年2月20日,榆阳区气象局会议室,党组书记 局长 张伟,党组成员 纪检组长 赵敏,民主生活会谈心谈话,"了解纪检工作开展情况，征求党风廉政建设意见建议","警示教育形式较为单一","创新教育方式，增强针对性实效性",强化廉政建设
2024年3月10日,榆阳区气象局会议室,党组成员 副局长 李华,监测预警科科长 刘晓东,民主生活会谈心谈话,"了解科室工作情况，征求业务发展意见建议","科室间协调配合有待加强","建立定期沟通机制，提升协作效率",加强科室联动
2024年3月25日,榆阳区气象局会议室,党组成员 副局长 王建国,公共服务科科长 陈丽,民主生活会谈心谈话,"了解气象服务开展情况，征求提升服务质量意见建议","服务覆盖面需进一步扩大","主动对接重点企业，提供定制化服务",拓展服务范围
2024年4月8日,榆阳区气象局会议室,纪检组长 赵敏,办公室主任 马涛,民主生活会谈心谈话,"了解作风建设情况，征求改进工作作风意见建议","工作执行力有待提升","加强督查督办，确保决策部署落地见效",提升执行力