主题,内容,时间,地点,参与人员,备注
心理健康,关注员工心理健康，提供心理咨询服务,2024年1月,办公室,张经理、李员工,定期开展
职业发展,讨论员工职业规划和晋升路径,2024年2月,会议室A,王主管、赵员工,制定发展计划
工作压力,了解员工工作压力情况，合理分配任务,2024年3月,休息区,刘主任、钱员工,调整工作安排
团队合作,加强团队协作，解决内部矛盾,2024年4月,培训室,陈组长、孙员工等,组织团建活动
工作满意度,调查员工对工作的满意程度,2024年5月,个人办公位,周部长、吴员工,改善工作环境
沟通交流,提升上下级沟通效率,2024年6月,领导办公室,郑总监、郑员工,建立反馈机制